{
	"schemaVersion": 1,
	"id": "kexplosion",
	"version": "${version}",
	"name": "kexplosion",
	"description": "This is an example description! Tell everyone what your mod is about!",
	"authors": [
		"Me!"
	],
	"contact": {
		"homepage": "https://fabricmc.net/",
		"sources": "https://github.com/FabricMC/fabric-example-mod"
	},
	"license": "CC0-1.0",
	"icon": "assets/kexplosion/icon.png",
	"environment": "*",
	"entrypoints": {
		"main": [
			"chenjunfu2.kexplosion.Kexplosion"
		],
		"client": [
			"chenjunfu2.kexplosion.KexplosionClient"
		]
	},
	"mixins": [
		"kexplosion.mixins.json",
		{
			"config": "kexplosion.client.mixins.json",
			"environment": "client"
		}
	],
	"depends": {
		"fabricloader": ">=0.16.14",
		"minecraft": "~1.20.1",
		"java": ">=17",
		"fabric-api": "*"
	},
	"suggests": {
		"another-mod": "*"
	}
}